"X1","X2"
0.65974584253849,-0.788015542956015
0.621516361232993,-0.614770769539414
-1.11431228649739,0.651504783930927
-0.738980231205958,0.340269413696909
0.990148404336864,1.23524132178355
1.29966269284461,-0.7497352567775
1.4281452795002,-0.446821687886638
1.26970969718257,-0.759116196473421
1.51603367466644,0.649386507225396
0.538357386434436,-0.618856017471509
-0.984384599173896,1.31044014482988
0.566733908640578,1.26368675182924
0.502229869736801,1.11843349202144
0.716498886950775,1.31830802973614
0.701916507483731,1.23902395875771
0.634653640032133,-0.592528864131344
-1.11943582522906,0.918105037869837
1.06200931936816,1.07637056886876
1.06503089349196,-0.726736823974597
0.0713271251250049,1.097855946882
1.49751011155966,0.707185200190586
1.38663147849491,-0.486766334333785
-1.04192588031413,0.452991995526925
1.14884673223048,-0.184911903795688
-0.771166564263851,1.40137473768872
0.566339790276605,-0.963983814994014
0.675773322673441,-0.853833426306427
0.104564440486829,1.06275307576178
1.41842369318883,0.812947729988144
-1.05677100535716,1.09482983730267
-1.23044583108179,0.850168877813895
1.35510200937698,-0.26828122270621
1.00315431034801,1.07818623461636
0.745269527520893,-0.410508372934687
0.562924097788828,1.21163766706478
1.52759448000969,0.783140550631751
1.10785842237716,1.03930072652198
1.50460424211119,0.690844208462208
1.47504536481313,0.759385590434016
0.435492493437169,1.19469145342053
1.21479587180216,1.13961625907674
0.445739570900498,-0.96413512047298
0.15435472713557,1.02598584437293
1.28310972155769,0.252663541375326
1.44062569435938,-0.247401066608838
-1.02064348865952,0.652866533241625
0.278764757363427,-0.92222350279927
0.354829601610448,-0.768497136169341
1.5258866337658,0.564201522567277
-1.29008907682989,0.882245639354785
1.20126447463905,-0.423671949604769
1.47596497432907,-0.660465024187286
0.435229747861186,1.25294406282262
-0.898204050251536,1.33661599269108
0.492376910637446,-0.51778395752191
1.07396424307538,-0.702074030903064
0.383468869392574,-0.807836560700622
0.820020643888,-0.50794910138909
0.102987967030932,1.01615098824011
0.362843341677924,-0.633835259889188
1.39280599953051,0.316968369936074
-0.807031335385504,1.37883022132272
1.23358218048493,0.876949947590959
-1.1187789612891,0.635012486723582
-0.899780523707433,0.613981025147244
1.46558652407775,-0.402640488028431
0.672094884609683,-0.632927427015389
-0.995814031729147,1.28244863122108
-0.990165001845517,0.956234018569386
1.47622771990505,1.17411390828109
0.351413909122672,-0.866391781060644
1.3914922716506,1.15111547547819
1.48397871439654,0.88375869414445
0.359821767554122,1.15973988777928
1.19824290051524,-0.766530164942778
1.46690025195766,0.969094984281535
1.26879008766663,-0.696475728181304
1.15961930084577,-0.813434863422382
-0.00578870142594799,0.566773715709707
-1.11155345794957,0.527736902136359
0.741722462245125,1.19196795479914
1.01602884357117,1.12478832213803
1.51314347333063,0.52637515282566
0.302805977565854,1.15852944394755
-1.15661432423062,0.90600059955252
1.31253722606776,-0.320330307470674
-0.920800169786057,1.30015137226016
0.115862500254089,0.708244338543351
-0.0877653211325825,0.543018755511972
0.0936604990835431,0.989672529420975
1.33736668299814,-0.328500803334863
1.3378921741501,0.318027508288839
-1.01368073089598,1.25581886692299
0.660402706478447,-0.464524428925715
-0.758554776616677,1.3942633801773
0.552414274749516,-0.8742596659669
0.614422230681457,-0.602363720264164
-0.966649272795056,1.15414158505752
0.383206123816591,-0.548801580710035
0.766814664751482,1.26156847512371
0.434310138345246,1.41378178696397
1.18116443807636,-0.743834343097808
1.18379189383619,0.925821617297127
0.744612663580936,1.30196703800776
-0.897021695159614,1.58203347957468
0.279421621303384,0.446183248973434
0.551363292445584,-0.900284208349132
0.0509643429863377,0.600212226561295
0.561347624332931,-0.863063060523381
0.149493933979889,1.0928628660761
0.45808861297169,-0.925400917857565
-0.726499816346775,1.40636781849462
1.13360748882347,-0.718566328110408
1.24790181437599,-0.432145056426891
0.335780547351695,1.18561312468255
0.330131517468065,-0.92176958636237
0.653965439866869,-0.821756664765537
1.48805127082427,0.822328669684065
1.18471150335213,0.885120443455147
1.24356651237228,1.06608179629904
0.289800071554705,-0.694508756954741
0.466627844191131,1.31165058866161
0.731606757569787,1.20800633556958
1.21847430986592,1.03718244981644
0.727796946718036,1.25233884090676
-1.24016741739315,0.797665876612531
0.295711847014318,-0.721743743168704
1.27338813524633,-0.726736823974597
-1.13178486730025,0.658010919526485
0.200072457356578,1.08726456335434
1.25867438299129,1.13855712072398
0.845244219182349,1.16700255076967
0.560559387604982,-0.546985914962438
1.1668448041853,-0.785594655292552
1.25630967280744,1.10753949753585
1.45625905613036,-0.500989049356633
-1.12587309184063,0.879976057170288
1.29269993508106,1.10163858385616
-1.13940448900375,1.0225058183567
-0.977027723046377,1.23115607385145
0.568441754884466,1.33132030092725
1.50368463259525,0.633953348370817
0.920520826701422,1.22374210538209
-1.01289249416803,1.23781351492598
-0.908976618866831,0.535604787042615
-1.10419658182205,0.680858046850421
1.33552746396626,-0.437592053669684
1.20087035627507,1.01811795946667
0.88662664739964,1.05276691414999
-0.848019645238821,0.320599701431269
0.0131289800448139,0.964707125391508
1.48870813476423,-0.558939047800788
1.16158989266564,1.18213309866632
-1.05926708832899,1.18848792878291
-0.950359047084123,0.367958316347773
-1.00238267112872,0.695685983789134
0.847083438214229,1.341457768018
1.42696292440827,-0.507041268515291
1.42183938567661,-0.531704061586824
1.26931557881859,0.276418501573062
0.366915898105658,-0.635650925636786
1.45047865345873,0.580542514295655
1.58066908635821,1.07470620860013
-0.969013982978901,1.07379837572633
0.346421743178998,-0.685733039174686
1.47123555396138,0.600968753956128
0.798344133869419,1.22464993825589
1.41513937348905,1.12584746049079
0.253409809281087,-0.492213331576577
1.5044728693232,-0.424428476999602
1.50999052641884,0.464642517407343
1.39359423625846,1.07379837572633
0.280472603607315,1.26262761347648
1.36876477932808,-0.737025596544317
0.27810789342347,0.967733234970838
1.36061966647262,0.379457532749224
-0.0043436007580427,0.915684150206373
1.39937463893008,-0.668030298135609
-0.911472701838668,0.492785336495106
-0.871666747077273,1.32980724613759
0.730687148053847,-0.778937214218027
0.0622624027535981,0.586897344412246
0.64371836240354,-0.625362153067066
0.353515873730534,-0.977298697143062
0.333809955531824,1.13295881800222
1.40607465111764,-0.647150142038237
0.46281803333938,-1.07761422969783
1.25801751905133,-0.788772070350848
0.352859009790577,1.15898336038445
-1.01854152405166,0.545893559612335
0.992381741732718,1.14536586727747
0.0807859658603855,0.767707391777172
0.0371702002472406,1.03597200598471
1.42643743325631,0.761655172618513
-1.14899470252712,0.461162491391114
1.15186830635428,-0.776516326554564
-0.0942025877441606,0.633196820975984
0.355223719974423,-0.891508490569077
-1.18709281104463,1.19544798081537
-0.988457155601629,0.515178547382142
1.27010381554654,-0.264195974774116
1.03586613455787,1.09346808799197
1.35536475495296,0.271425420767168
0.952838532547307,1.34221429541284
1.14582515810667,1.05443127441862
0.584731980595401,-0.522171816411938
1.05938186360833,1.00223088417519
0.156982182895398,1.2481022874957
-1.05887296996502,1.14672761658817
1.1057564577693,1.38987552128727
0.323562878068495,-0.883337994704888
-0.793237192646407,1.36233792411538
-0.939455105680836,0.473266929708432
1.48936499870419,1.28698779559008
1.17328207079688,-0.27085341584864
0.485151407297919,-0.746557841719204
1.11324470668481,1.10799341397275
1.6129867922041,0.51654029669284
1.26787047815069,-0.291128350030146
1.47425712808518,0.589469537554677
0.779163706822675,1.30423662019225
1.02877200400634,-0.848689040021567
1.10037017346165,-0.714934996615213
1.09800546327781,-0.738841262291914
1.06923482270769,1.06472004698834
0.626377154388675,-0.945221935602172
0.727928319506028,1.19938192326849
0.331051126984005,-0.981383945075157
0.121117411773745,0.806895510829486
1.39109815328662,0.349045131476965
0.625720290448718,-0.936446217822117
0.091033043323715,1.05700346756105
-0.930521756097421,0.436802309277514
0.308717753025467,-0.818579249707241
1.20783311403862,0.953964436384889
0.52377500696739,-0.516422208211212
0.644112480767514,-0.541387612240678
1.54257097784071,0.597942644376798
1.18681346795999,1.21375594377031
1.53836704862498,1.01009876908145
0.795322559745616,1.35099001319289
0.115337009102124,0.453597217442791
1.30820192406405,1.14536586727747
0.0574016095979159,0.440433640772709
1.13886240034313,1.01085529647628
0.330788381408022,-0.732940348612222
1.18090169250038,-0.76985888548004
1.52720036164571,0.634558570286682
0.350757045182715,-0.90890862065022
1.19377622572354,0.902217962578358
1.05333871536073,1.07848884557429
0.980295445237509,1.25037186968019
0.999869990648229,1.03234067448952
0.270882390083943,-0.699804448718567
0.217413665371443,1.0725879318946
-1.00527287246453,0.56707632666764
0.318307966548839,-0.990310968334179
0.245790187577585,-0.777424159428363
1.32449214977498,0.336335471243781
0.473459229166684,-0.537756280745483
0.057007491233942,0.595370451234368
0.225952896590884,-0.84172898798911
1.37677851939556,0.532729982942252
1.30990977030794,0.292759493301439
0.356011956702371,0.599455699166463
1.02351709248668,1.13356403991808
-0.00211026336218852,0.426059620270895
1.46414142340984,-0.594344529878941
1.05951323639632,1.13205098512842
1.58211418702612,0.868779451726769
0.707302791791377,-0.825539301739699
-1.01092190234816,1.2476483710588
1.40502366881371,0.365234817726376
-1.04534157280191,0.499896694006529
1.40042562123401,1.16276599735861
1.15108006962633,-0.468004454941943
0.960458154250808,1.21526899855997
-1.04783765577374,0.659675279795116
1.4051550416017,1.11313780025761
0.109950724794476,1.02976848134709
0.115074263526141,0.372951397153665
-1.04337098098203,0.618066273079338
-1.17802808867322,0.90342840641009
0.138458619788611,0.682068490682152
0.530212273578969,-0.501745576751465
0.706908673427404,-0.815401834648945
1.33145490753852,1.24885881489053
0.465182743523225,-0.590713198383746
0.456512139515793,-1.09486305430001
1.46256494995394,0.574187684179063
1.60457893377265,0.975903730835026
1.43090410804802,-0.459531348119821
1.4510041446107,0.444972805141703
1.05031714123693,1.1172230481897
0.351808027486646,-0.700560976113399
-1.0332552763067,1.05110255388136
1.46177671322599,-0.720079382900073
1.36364124059642,-0.275695191175567
1.29690386429679,1.17471913019696
0.077764391736583,0.561629329424847
-1.1446594005234,1.1939349260257
1.34958435228134,-0.421704978378205
1.45428846431048,0.585838206059481
1.04387987462535,1.21088113966995
1.42249624961657,0.44164408460444
1.1652683307294,-0.749281340340601
1.31529605461558,-0.397798712701504
0.488567099785695,-0.59010797646788
1.55557688385186,1.03415634023711
1.20717625009866,0.993152555437204
1.39779816547418,-0.301568428078832
-0.920274678634092,0.517296824087673
-1.02694938248311,1.1916653438412
-1.18985163959245,1.01947970877737
1.16697617697329,0.919769398138469
0.316206001940976,-0.808441782616488
-0.0413907269716176,0.595975673150234
0.620596751717053,-0.783930295023921
0.592088856722919,-1.04417571884624
1.2447488674642,0.855313264098754
1.29782347381273,1.06124002097211
0.503674970404706,-0.897712015206702
0.0694879060931251,0.708244338543351
0.2593215847407,1.10617774822515
0.823699081951759,1.20709850269578
0.758932297471998,1.19272448219397
0.227266624470798,1.1181308810635
0.25275294534113,-0.823421025034168
1.17564678098072,1.29016521064837
1.25210574359172,0.787982325958678
1.49948070337953,-0.25890028301029
0.452833701452033,-0.853379509869528
1.28179599367777,-0.280234355544561
1.48358459603257,0.933235585766483
1.3212078300752,0.875285587322327
1.45520807382642,0.490213143352675
1.41395701839713,1.22253166155036
-0.707976253239987,0.317119675415041
0.98883467645695,1.25506233952815
1.14516829416672,0.965766263744273
1.50565522441512,-0.593285391526176
0.697449832692022,-0.75230744991993
0.114811517950159,0.973331537692596
1.40121385796196,-0.36587325663958
-1.22072424477043,1.07985059488499
-1.08527890035129,1.21299941637548
-1.10183187163821,1.06199654836695
0.526008344363244,-0.948701961618401
0.662241925510328,-0.737176902023283
-1.211922267975,0.507764578912786
0.14305666736831,0.644393426419503
-1.10629854642992,0.728519272724857
0.844850100818375,1.26232500251854
0.300704012957991,-0.724769852748034
-0.041784845335592,0.812039897114345
-1.1784222070372,0.834735718959315
-1.16791238399788,0.594765229318503
1.1806389469244,-0.736420374628451
-1.24279487315298,1.14143192482434
-1.06767494676044,0.399883772409696
0.251045099097241,-0.660313718708319
0.622567343536924,-0.571497402555005
-1.15976727114242,0.685094600261482
1.25736065511138,-0.279931744586628
1.19876839166721,0.965161041828408
1.48831401640026,0.854556736703922
0.851812858581919,-0.599488916163801
0.84813442051816,1.29046782160631
1.22832726896527,0.907059737905285
0.433521901617298,-0.546531998525538
1.56687494361912,0.944129580252069
1.25407633541159,1.21905163553413
-1.03075919333486,1.21178897254374
0.541247587770247,-0.57981920389816
1.00683274841177,-0.814191390817214
-0.981888516202059,0.588410399201911
0.439565049864902,-1.01058590251568
1.3899157981947,0.255689650954656
1.36442947732437,-0.241802763887079
0.639383060399823,-0.57043826420224
0.361266868222027,-0.609172466817655
-0.0428358276395229,0.816579061483339
1.40003150287004,0.551037945897194
0.606014372250008,-0.57770092719263
1.16316636612154,0.940498248756874
-0.831203928375921,1.38836246649761
-0.968619864614927,0.340420719175876
0.648841901135204,-0.665912021430079
-0.96323358030728,1.31573583659371
-1.24844390303661,0.944129580252069
1.25749202789937,-0.760780556742052
0.435361120649177,-0.92691397264723
-0.663703623686885,0.373102702632633
-1.17855357982519,0.625480241548695
0.519702450539657,-0.565747794354279
1.37730401054752,1.06093741001418
-1.13927311621576,0.855010653140822
-1.17973593491711,0.530914317194654
1.09156819666623,1.44540463206797
1.52851408952563,0.792521490327671
-0.741344941389803,1.19968453422643
-1.09526323223864,1.14914850425163
0.643061498463583,-1.1224006514719
0.635704622336064,-0.602817636701063
0.0830193032562391,0.570405047204901
-0.63414474638882,1.30378270375535
0.51720636756782,-0.913599090498181
1.57751613944642,0.849714961376995
0.700471406815825,1.28017904903659
0.552414274749516,1.23887265327874
0.205984232816191,1.08378453733812
0.0558251361420193,0.860003733946715
-1.03942979734229,1.22132121771863
0.745663645884867,1.27579119014656
-0.660025185623126,1.25929889293921
0.676430186613398,-0.628993484562261
-1.06517886378861,0.585535595101548
0.0832820488322223,0.684943294782515
0.726877337202097,-0.451512157734598
0.476218057714503,-0.534881476645121
0.405145379411155,-0.599034999726901
1.30596858666819,1.20225672736886
1.59301812842941,0.548011836317865
1.43103548083601,-0.859734339986119
0.817130442552189,1.25082578611709
1.4372100018716,1.09800725236096
1.57659652993048,0.646511703125033
-0.0562358520146462,0.680252824934555
1.0767230716232,1.27367291344103
1.39175501722658,0.342992912318306
1.37848636563945,1.1709364932228
1.27719794609808,-0.766227553984844
-1.12534760068867,1.16851560555934
-0.894919730551751,1.4664360936443
1.44430413242314,-0.229698325569762
1.04059555492556,1.10723688657792
-1.16725552005793,0.490213143352675
-0.820825478124601,1.40576259657875
0.83880695257077,1.16200946996378
1.40252758584187,-0.724769852748034
0.0633133850575289,0.493541863889938
0.112972298918279,0.593403480007805
0.0266603772079285,0.767102169861305
1.5274631072217,-0.528829257486462
0.982397409845372,1.18863923426188
0.186278314617481,1.07319315381046
0.887940375279554,1.22495254921383
0.627953627844572,-0.598127166853103
1.08197798314285,1.00510568827555
0.826457910499579,1.21980816292897
0.627296763904615,-1.03555130654515
-0.954562976299847,0.4224282887757
-0.772086173779791,1.41136089930051
-1.06465337263664,0.548163141796832
-1.08002398883164,1.14415542344573
0.703230235363645,1.28955998873251
1.2875763963494,-0.459985264556721
1.42472958701242,1.08711325787538
0.746057764248841,1.26414066826614
1.31450781788763,0.268248005708872
0.0547741538380878,1.00359263348589
0.628873237360511,1.22132121771863
0.0240329214481004,0.774364832851696
1.35418239986104,0.899797074914894
0.577637850043865,-0.714027163741414
-0.840268650747328,1.32632722012136
1.31779213758742,1.04444511280683
1.2753587270662,0.785864049253148
0.628479118996537,-0.574977428571234
1.26340380335898,1.08802109074918
1.49475128301184,0.910993680358413
-1.00041207930885,0.422882205212599
0.283362804943126,1.17532435211283
0.540853469406272,-1.12134151311914
0.603124170914197,-0.681950402200524
0.506302426164534,-0.565747794354279
-0.846311798994932,1.44222721700967
1.26011948365919,-0.357854066254357
0.00367013930943325,0.881035195523053
1.30504897715225,-0.601909803827264
1.45284336364258,0.961378404854246
1.47911792124086,1.15641116724202
1.2387057192166,-0.384635136031421
-0.977947332562317,1.10663166466205
-0.899780523707433,0.495962751553401
0.516812249203846,-0.50840301782599
-0.892292274791923,0.528190818573258
-1.25737725262003,0.814763395735742
1.4203942850087,0.392167192982407
1.32843333341472,1.24477356695843
1.41973742106875,-0.478444532990629
0.684181181104891,1.23614915465734
1.50355325980726,0.652715227762659
1.49777285713564,0.843662742218337
0.460716068731518,1.34433257211837
1.52667487049375,-0.651386695449298
0.650812492955075,-0.872746611177235
-1.05585139584122,1.21496638760204
0.985418983969175,1.26489719566097
0.933132614348597,1.23660307109424
-0.907794263774908,0.405784686089389
0.363762951193864,1.12645268240666
1.1301917963357,1.05397735798172
0.501967124160818,-0.5751287340502
1.0843426933267,1.14763544946196
1.40423543208576,1.31634105850957
0.367310016469631,-0.645031865332706
0.0574016095979159,1.09089589484954
0.529949528002986,1.40379562535219
0.434047392769263,1.33026116257449
0.422749333002003,-0.884245827578687
0.2837569233071,-0.753971810188561
-1.01657093223179,0.664970971558942
-0.0373181705438843,0.821723447768199
1.50276502307931,-0.369201977176842
1.47097280838539,0.512001132323846
-1.06478474542463,0.58629212249638
0.136750773544722,0.66073441814788
1.49751011155966,0.435894476403715
1.49225520004,-0.596916723021371
1.51393171005858,0.639097734655676
-1.13283584960418,1.11419693861038
1.37231184460385,1.15520072341029
1.30465485878828,0.263254924902979
0.342874677903231,-0.652445833802063
1.17590952655671,0.235717327731083
0.115468381890116,0.43952580789891
1.15265654308223,1.0491355826548
0.0790781196164971,0.972423704818797
-1.27012041305519,0.987856863673378
-1.20338303675556,0.939741721362042
0.802416690297153,1.32784027491102
-1.16449669151011,1.16443035762724
1.39648443759427,-0.401127433238766
1.21006645143447,1.37096233641647
0.0953683453274309,0.842149687428672
0.0928722623555942,0.97832461849849
1.45836102073822,-0.492062026097611
-1.0454729455899,1.14687892206713
-1.05269844892942,1.1957505917733
-0.744366515513605,1.40107212673079
0.743298935701022,1.30136181609189
1.49593363810376,0.859095901072916
-1.10879462940175,0.592646952612972
-0.772480292143765,0.356156488988388
1.20218408415499,0.950938326805559
0.0225878207801945,0.560721496551048
-1.22624190186607,0.60898794434135
0.807408856240826,1.29606612432807
1.1163976535966,-0.744893481450573
-1.03653959600648,0.279595916631357
-1.02537290902721,1.25037186968019
0.725957727686157,-0.767135386858644
1.13557808064335,-0.773641522454201
-1.02800036478704,0.575700738968728
1.48897088034021,-0.481621948048925
-0.0353475787240133,0.877857780464757
0.88005800800007,1.2729163860462
0.362317850525958,-0.735209930796719
1.3837412771591,1.02659106628879
1.54808863493634,-0.742169982829177
1.14595653089467,-0.80919831001132
1.21702920919801,0.830347860069288
1.54204548668874,0.610954915567914
0.444557215808576,-0.428816335889629
1.09367016127409,1.16594341241691
-1.09920441587838,0.574187684179063
0.26221178607651,1.17850176717112
-0.871535374289282,0.462372935222847
1.1438545662868,-0.643518810543042
1.09774271770182,1.02053884713013
1.1638232300615,-0.721138521252838
1.28127050252581,-0.353314901885364
1.34314708566976,-0.424731087957534
1.28731365077341,0.26234709202918
1.53114154528545,0.841544465512805
0.974515042565888,1.20619066982198
0.759851906987938,-0.823572330513134
1.10378586594943,-0.70736972266689
-0.875870676292998,1.3469047652608
1.18602523123204,1.11828218654247
1.75933607802652,0.51139591040798
0.383337496604583,-0.552735523163163
1.21584685410609,0.948971355578995
0.638857569247858,1.23690568205218
1.38886481589077,-0.587233172367517
-0.847494154086855,1.35673962139362
0.362974714465916,-0.919500004177873
1.26800185093868,-0.748373507466802
0.414472847358545,-0.769253663564174
0.924462010341164,1.23236651768318
0.356011956702371,-0.539723251972047
1.5609631681595,0.84865582302423
0.650549747379092,-0.407028346918458
1.47622771990505,1.16715385624864
1.07278188798346,-0.731427293822557
0.827114774439536,1.21375594377031
1.44627472424301,-0.618099490076676
1.21624097247007,-0.758057058120656
-0.97072182922279,1.4163539801064
1.42630606046832,-0.608415939422822
1.27049793391052,0.779055302699657
1.27969402906991,1.20482892051129
-1.0026454167047,1.20573675338509
0.706120436699455,-0.870930945429638
1.50407875095923,0.776029193120327
0.408823817474914,-0.915868672682678
1.16474283957744,1.22601168756659
0.106403659518709,1.01055268551835
0.518914213811709,-0.539723251972047
0.411976764386708,-0.900132902870165
0.696136104812108,1.28350776957385
0.487778863057747,1.22631429852452
1.33841766530207,0.275661974178229
1.31923723825532,0.236625160604881
-0.917515850086272,0.552399695207893
0.42905522682559,-0.553643356036962
-0.971904184314712,0.507764578912786
1.28245285761773,1.29440176405943
1.35799221071279,-0.654412805028628
-0.704429187964219,0.391864582024474
-1.10051814375829,1.04474772376477
-0.00592007421393927,0.94745830078933
1.39201776280256,0.396555051872435
-0.955088467451813,0.652110005846792
0.885181546731735,1.22177513415553
-0.687087979949354,1.35099001319289
1.40173934911392,-0.53276319993959
1.14464280301475,-0.498416856214202
1.28889012422931,-0.311857200648552
-1.07647692355587,0.891626579050706
0.382417887088643,-0.873805749530001
0.813714750064412,1.35673962139362
0.923542400825224,1.16443035762724
0.622567343536924,1.37020580902163
-0.984121853597912,1.33449771598555
1.42328448634451,1.12781443171736
0.0617369116016323,0.75832645208125
1.27903716512996,1.22964301906179
1.28363521270966,-0.443644272828343
-1.01407484925995,0.805533761518788
1.19075465159973,0.922644202238831
1.08329171102277,-0.729157711638061
1.42775116113622,0.952451381595224
1.34971572506933,1.02734759368362
1.39569620086632,-0.342420907399778
0.905938447234377,1.28259993670005
-1.25028312206849,1.06971312779423
0.361398241010018,0.436348392840614
1.24763906880001,-0.476931478200965
1.37796087448748,1.13870842620294
0.471094518982838,-0.666063326909045
-0.0706868586937003,0.710060004290948
-1.22440268283419,1.16321991379551
0.489618082089626,1.14581978371437
0.111921316614347,1.00329002252796
0.664869381270156,-0.931301831537257
-1.03496312255059,1.1916653438412
1.35365690870907,0.298660406981132
0.105221304426786,0.997691719806198
0.235280364538273,1.10648035918309
0.498288686097059,-0.447275604323538
1.49422579185987,0.441341473646508
-1.17579475127737,0.562991078735545
-1.04205725310212,1.24855620393259
0.393847319643895,-0.637012674947484
1.39333149068248,1.23009693549869
1.38597461455496,0.426816147665727
0.330131517468065,-0.778029381344229
1.43550215562771,-0.788620764871881
0.192058717289102,0.546196170570267
0.0588467102658218,0.676924104397293
0.766946037539474,-0.818276638749308
1.41513937348905,1.06214785384591
0.621910479596967,1.35492395564602
1.30951565194396,1.0193284032984
1.14832124107851,-0.78181201831839
1.1958781903314,-0.750037867735433
1.20362918482289,0.433473588740251
1.44522374193908,-0.346657460810839
-0.0131455775534663,0.943826969294136
0.278633384575436,-0.577852232671596
1.32278430353109,1.10178988933512
0.488304354209712,1.34629954334493
-0.877447149748895,1.25854236554438
0.678926269585235,-0.39583174147494
1.23174296145305,0.159005449895085
1.36075103926061,0.325138865800263
0.321723659036615,1.15126678095716
-0.809133299993366,1.38821116101864
0.624669308144786,-0.960049872540886
0.639120314823841,-0.635348314678853
-1.0270807552711,0.586594733454314
1.46085710371006,0.962891459643911
-0.793105819858415,1.48232316893578
0.0683055510012024,0.749853345259129
0.365602170225744,1.16337121927448
-0.925923708517722,0.535907398000548
0.469255299950959,-0.865786559144778
1.30596858666819,-0.788166848434982
1.51117288151076,1.00586221567039
0.611663402133638,1.2458327053112
0.929060057920863,1.28865215585871
-1.14597312840332,0.62442110319593
0.445608198112506,-1.10136918989556
1.53613371122913,1.22707082591936
0.747371492128755,-0.774246744370067
1.48568656064043,0.871654255827133
1.19758603657529,1.2210186067607
0.117307600921995,0.701284286510893
1.14214672004292,-0.319573780075842
1.07133678731555,1.00238218965416
-0.831466673951905,1.35855528714122
1.18221542038029,0.947609606268297
1.522865059642,0.708849560459216
1.44141393108733,0.793126712243537
0.380447295268772,1.15293114122579
0.90344236426254,1.20028975614229
1.32396665862302,1.20392108763749
0.990673895488831,1.20982200131718
1.06240343773213,-0.65774152556589
0.455855275575836,-0.840669849636345
0.179578302429919,0.933538196724416
0.621122242869019,-0.904520761760193
1.11849961820446,-0.600245443558633
-1.07148475761219,0.620789771700734
1.27588421821816,-0.344085267668409
1.31779213758742,-0.417014508530245
-1.07871026095172,1.2164794423917
1.54073175880883,0.740472405563208
0.707959655731334,-0.337427826593885
1.53206115480139,1.03143284161572
1.32554313207891,-0.283109159644924
-0.908976618866831,1.22676821496142
0.33341583716785,1.15187200287302
1.08946623205836,-0.715994134967978
1.36167064877655,0.300324767249763
0.829610857411372,-0.553492050557995
-0.972166929890695,0.450117191426562
1.26839596930265,-0.775457188201799
1.27102342506248,-0.892416323442876
0.441010150532807,-0.891659796048043
0.773646049727035,-0.916927811035443
1.22819589617728,1.21194027802271
1.34919023391736,-0.381155110015192
1.53245527316537,0.534848259647782
0.108899742490545,0.430296173681956
-1.08764361053514,0.548919669191664
0.666971345878017,-0.48313500283859
1.30268426696841,0.301686516560461
-0.975713995166463,0.409718628542517
1.63650252125456,0.700376453637095
1.3272509783228,1.28850085037974
1.46519240571377,-0.567563460101877
1.17525266261675,-0.250427176188168
1.08197798314285,0.971061955508099
1.33066667081058,0.326198004153029
0.562924097788828,-0.951425460239797
0.490537691605566,-1.00982937512085
-1.22282620937829,0.558451914366551
1.42472958701242,1.11389432765244
1.55886120355164,0.990882973252707
1.48581793342842,0.513968103550411
0.262605904440485,-0.857313452322656
0.172484171878384,1.11041430163621
-0.885066771452396,1.51394601403977
1.55886120355164,0.8713516448692
0.717024378102742,1.33207682832208
1.36718830587219,0.408659490189752
-0.878760877628809,0.336789387680681
0.444688588596567,-0.577549621713663
-1.18459672807279,1.11661782627384
0.47030628225489,-0.579516592940228
1.47215516347732,0.730940160388321
-0.950753165448096,1.38972421580831
0.0315211703636101,1.08832370170711
1.25985673808321,0.814914701214709
0.335255056199729,1.197112341084
0.58092216974365,-0.94446540820734
1.32041959334725,-0.341815685483912
-1.11470640486137,1.13689276045534
1.68524182559937,0.917197204996038
-0.0617535091102848,0.750307261696028
1.58040634078223,0.887692636597577
1.42407272307246,-0.253604591246463
1.1958781903314,-0.325323388276568
1.45494532825044,0.714901779617875
1.35129219852523,-0.35861059364919
0.796504914837539,-0.676654710436698
-0.747913580789373,1.39123727059797
1.00223470083207,1.21632813691274
-1.14124370803563,0.480226981740889
0.0918212800516633,0.835340940875181
0.0538545443221483,0.582660791001186
1.32593725044289,-0.708882777456555
0.609430064737783,-0.558787742321822
0.570018228340363,-0.499929911003867
1.51077876314679,0.931571225497852
0.659088978598533,1.28880346133767
-1.02576702739119,1.16579210693794
1.20152722021503,-0.197772869507838
0.924067891977189,1.23448479438871
0.124927222625496,0.87346992157473
-1.15122803992298,0.932479058371651
-1.27682042524275,0.659675279795116
1.18260953874427,1.39713818427766
0.179184184065945,0.86060895586258
1.02496219315459,0.965009736349441
1.33736668299814,-0.765924943026912
0.54440053468204,1.25445711761229
0.906201192810359,1.31467669824094
1.42906488901614,0.615342774457942
1.33513334560228,1.04837905525996
-0.995288540577182,1.20513153146922
0.624406562568804,-0.555307716305594
1.47044731723343,-0.554702494389728
-1.23530662423747,0.682976323555952
1.45783552958625,0.610803610088948
-0.722164514343058,1.39048074320314
0.233441145506393,1.11162474546794
-1.01341798532,0.221494612708235
0.808591211332748,1.40636781849462
1.35208043525317,0.368563538263639
1.27562147264218,1.25370059021746
0.651994848046998,1.43042538965029
0.648316409983239,1.21526899855997
-1.04021803407024,1.05881913330865
0.192058717289102,1.09361939347094
-0.924478607849816,1.29334262570667
0.955465988307135,1.24235267929497
1.55662786615579,0.564352828046243
0.398708112799576,-0.81479661273308
0.091033043323715,0.718079194676171
1.07646032604721,1.16125294256894
1.09130545109024,-0.728552489722195
0.497237703793127,-1.04084699830898
0.0902448065957662,1.13795189880811
-1.11391816813342,1.01418401701354
-0.780494032211241,1.57310645631566
-0.0400769990917036,1.05458257989759
1.15738596344992,1.13159706869152
-0.911209956262685,1.35462134468809
1.48095714027274,-0.632624816057457
0.588147673083177,-0.685430428216753
1.2096723330705,1.00177696773829
1.5120924910267,0.685699822177347
0.219121511615331,1.13235359608635
1.10023880067366,1.24704314914293
0.707434164579369,1.38715202266588
-1.00514149967654,1.14778675494093
0.348260962210878,-0.693600924080941
0.633208539364227,-0.414744926345748
1.51038464478281,0.545137032217502
1.19009778765978,0.934748640556148
1.22740765944934,0.915078928290508
0.104433067698838,0.474931289977063
1.10667606728524,-0.787864237477049
1.24724495043604,0.227395526387927
1.55465727433592,0.610500999131015
1.32475489535096,0.310462234340516
-1.10551030970197,1.08015320584292
-0.839086295655405,1.36884405971093
0.117964464861952,0.810375536845715
-0.840531396323311,0.492028809100273
1.35667848283287,-0.472089702874038
1.42105114894866,0.824749557347529
0.0584525919018473,0.74849159594843
1.38058833024731,1.08544889760675
1.2096723330705,-0.807382644263723
0.263394141168433,-0.769253663564174
0.744744036368927,1.32617591464239
1.39674718317025,0.38989761079791
0.673539985277588,-0.626421291419832
1.37415106363573,1.1957505917733
-0.820299986972635,1.39834862810939
-0.912917802506573,1.36733100492127
1.27273127130637,0.498837555653764
0.745532273096876,-0.647755363954103
1.29020385210923,-0.793613845677775
1.32199606680314,0.335125027412049
1.38098244861128,-0.747465674593003
0.494872993609282,1.40319040343632
1.20034486512311,-0.216232137941746
1.15580948999402,1.24931273132743
1.4998748217435,0.538782202100911
1.41119818984931,-0.39840393461737
1.24724495043604,-0.302173649994698
0.3830747510286,-0.711757581556917
1.21886842822989,-0.295516208920174
0.471882755710787,-0.950668932844964
0.686808636864719,1.25899628198128
1.26511164960287,0.757569924686418
0.102725221454949,1.02643976080983
0.369674726653477,1.31558453111474
0.233178399930411,1.09225764416024
0.236068601266221,1.12478832213803
-0.00368673681808569,0.995876054058599
-1.21704580670667,0.675259744128662
1.38847069752679,-0.563326906690816
-1.09802206078646,0.456169410585221
1.41448250954909,0.38944369436101
0.801759826357196,1.19090881644637
1.22845864175327,0.904184933804922
0.286253006278937,1.08741586883331
-1.05677100535716,0.622756742927299
0.303462841505811,-0.464524428925715
-1.20246342723962,0.920374620054334
1.46203945880198,-0.411718816766419
1.46716299753364,-0.467550538505044
-1.19155948583633,0.764529976718876
1.35838632907676,-0.818427944228274
0.341823695599299,-0.541387612240678
-0.019976962529019,0.770582195877534
0.985813102333148,1.19544798081537
1.19206837947965,-0.25375589672543
1.52325917800597,0.781930106800019
-0.85826672270215,1.37368583503786
0.189694007105257,0.567227632146606
1.2677391053627,0.841847076470739
0.177476337822057,1.07334445928943
0.655410540534774,-0.748524812945768
1.20625664058272,-0.727342045890463
1.41671584694494,0.259926204365717
1.27023518833453,-0.338638270425616
-1.11155345794957,0.795244988949068
-1.02589840017918,1.25112839707503
1.5106473903588,0.914625011853608
-0.707582134876013,1.41529484175364
1.41303740888119,1.242201373816
0.234492127810325,-0.68724609396435
0.295317728650344,1.15338505766269
0.233178399930411,0.610198388173082
0.190613616621197,0.654379588031289
0.272721609115823,-0.725223769184933
1.27903716512996,1.00450046635969
1.18563111286807,-0.783778989544955
1.08670740351054,-0.706007973356192
1.41934330270477,-0.770464107395906
1.4433845229072,0.835340940875181
0.479371004626297,-0.485858501459986
-0.662521268594963,1.2697389709879
1.25512731771552,-0.424277171520635
-1.14689273791926,1.12100568516387
0.322380522976572,-0.659708496792454
0.45532978442387,-0.495693357592806
0.239878412117972,0.970910650029132
0.508141645196414,-0.90679034394469
0.642010516159651,-0.623849098277401
-1.06609847330455,0.578878154027024
0.495792603125222,-0.984561360133453
1.30320975812037,-0.349229653953269
1.29467052690093,-0.267373389832411
1.15121144241432,1.0193284032984
-1.11628287831726,0.842603603865572
0.357588430158268,-0.877739691983129
1.0935387884861,1.19680973012606
0.696398850388092,-0.699350532281667
1.26603125911881,0.790100602664208
1.54178274111276,0.936261695345813
-1.02169447096345,1.24885881489053
0.385570834000436,-0.609928994212487
0.0202231105963497,0.849109739461129
-1.13664566045593,1.16427905214827
1.28127050252581,-0.817974027791376
0.174717509274237,0.618066273079338
0.618363414321199,-0.938413189048681
-0.889664819032095,0.492785336495106
-1.0378533238864,0.41940217919637
1.20888409634255,0.838215744975543
-0.736615521022112,1.41090698286361
1.42249624961657,-0.719928077421106
-1.02616114575516,1.18304093154012
1.2737822536103,-0.775457188201799
0.86967955774875,-0.777878075865262
0.52469461648333,-1.05991148865875
0.628610491784529,-0.646696225601337
0.461767051035449,1.39305293634557
0.966632675286404,1.11480216052624
0.694822376932194,1.35053609675599
-0.92579233572973,0.324231032926464
0.593271211814842,-0.87683185910933
-1.11904170686508,1.21254549993858
0.838675579782779,1.21526899855997
1.20441742155084,0.987402947236478
0.707434164579369,-0.849294261937433
1.43326881823186,-0.505679519204593
1.40318444978183,-0.592528864131344
0.4777945311704,-0.944768019165272
0.237250956358144,0.456472021543154
1.30373524927234,-0.584207062788188
0.621516361232993,1.30938100647711
0.0312584247876275,0.934446029598215
0.0781585101005575,0.700830370073994
1.50092580404743,0.455866799627288
0.631632065908331,-0.441828607080745
0.0374329458232231,0.580239903337722
0.505776935012568,-0.929183554831727
1.20875272355456,0.953964436384889
0.270094153355995,1.14022148099261
1.26734498699872,0.825203473784428
0.744218545216962,1.25884497650231
1.6053671705006,0.871805561306098
-1.04888863807767,1.1957505917733
0.68221058928502,1.24916142584846
-0.910421719534736,1.38246155281792
1.45376297315852,1.01100660195525
1.5885514536377,0.669964052364835
1.17223108849295,1.05231299771309
0.799263743385358,1.35083870771393
0.731344011993804,-0.793311234719842
0.306353042841621,-0.773641522454201
0.0727722257929102,0.934294724119248
-0.954037485147881,0.475536511892929
1.54033764044485,0.773305694498931
0.376374738841038,-0.967766451968175
0.22463916871097,0.308192652156019
1.55597100221583,0.685397211219414
1.40830798851349,0.292910798780406
1.06739560367581,1.14355020152987
-1.11812209734914,0.96848976236567
-0.782201878455129,1.39865123906733
0.317913848184865,1.07107487710493
1.23883709200459,0.716263528928574
-0.815964684968919,0.314244871314678
0.594716312482747,-0.991370106686944
0.287698106946842,-0.751702228004064
0.328160925648194,-0.689364370669881
-0.807950944901444,1.54602277558066
0.15251550810369,1.03037370326295
0.58368099829147,-0.524290093117468
0.77220094905913,-0.842788126341876
0.576061376587968,1.25778583814955
0.523512261391407,-0.847175985231903
-0.847231408510873,1.35658831591465
0.39437281079586,-0.947794128744602
1.34432944076168,0.909480625568749
0.183650858857653,-0.920105226093739
1.0737014974994,1.23872134779977
1.47189241790133,-0.604633302448661
0.0847271495001276,0.716717445365472
1.41014720754537,-0.336822604678019
1.00722686677575,1.13780059332914
1.54165136832477,-0.68255562411639
1.10444272988938,1.29258609831184
1.461645340438,0.661793556500647
1.13886240034313,-0.720987215773872
0.465839607463182,1.32284719410513
0.230419571382592,1.18183048770838
1.17393893473684,-0.269794277495875
-1.17802808867322,1.00752657593902
0.0885369603518783,1.00903963072868
1.06542501185594,1.1199465468111
0.671175275093742,-0.616586435287012
0.210319534819907,0.710513920727848
0.0200917378083584,1.00298741157002
0.993564096824641,1.18879053974084
1.49146696331205,0.779357913657589
0.506433798952525,-0.617948184597709
0.993301351248659,0.965463652786341
1.40476092323773,-0.921013058967538
0.950211076787479,1.08227148254845
0.996848416524426,-0.560452102590453
0.756042096136188,-0.802692174415763
1.33408236329835,-0.605692440801426
0.411057154870768,-0.606751579154191
0.631763438696322,-0.578306149108496
1.03337005158604,1.16170685900584
-1.09355538599475,0.825052168305461
1.20717625009866,0.90554668311562
1.18037620134841,-0.364057590891982
0.559639778089043,-0.817066194917577
0.00984466034502887,0.752274232922591
1.19916251003118,-0.312008506127518
1.30767643291208,0.312126594609147
-0.887956972788207,1.29485568049633
0.00905642361708058,0.610198388173082
0.337882511959557,1.18031743291872
0.495267111973256,-0.741413455434345
-0.777472458087439,0.251604403022561
1.09747997212584,1.31724889138337
0.14489588640019,0.584779067706716
-1.03535724091456,0.552853611644792
0.104958558850803,0.559057136282417
1.24882142389193,0.783594467068651
0.421435605122089,-0.940834076712144
1.15830557296586,0.954720963779721
-1.11799072456115,0.868476840768836
0.452833701452033,-0.890751963174245
0.607065354553939,-0.523230954764703
0.539014250374393,-0.526257064344032
-0.795339157254269,1.10178988933512
1.13505258949138,1.048227749781
1.2615645843271,1.24507617791637
1.33000980687062,0.367504399910873
0.968603267106275,1.18803401234601
1.29322542623303,0.809165093013983
1.36929027048005,0.926426839212993
-1.14676136513127,0.565260660920042
0.0915585344756802,0.596278284108168
-1.16646728332998,0.493541863889938
-1.27563807015083,1.08015320584292
0.42813561730965,-0.820092304496906
1.35142357131322,-0.758057058120656
0.106929150670674,0.422276983296733
-1.23885368951324,0.437256225714413
-0.798097985802088,1.55858113033488
-0.941951188652673,1.47400136759263
-0.738454740053992,1.12690659884356
0.616261449713337,-0.57043826420224
-1.06583572772856,0.832768747732752
0.430500327493495,-1.00332323952529
1.16658205860932,1.07455490312116
0.487647490269755,-0.506889963036325
0.294266746346412,1.15883205490548
0.529424036851021,-0.708580166498621
0.757355824016102,-0.678621681663262
0.228843097926694,-0.79421906759364
1.41198642657725,-0.349532264911202
-1.05112197547353,1.07591665243186
-0.65004085373578,1.48444144564131
1.18563111286807,1.35991703645191
0.578031968407839,-0.959595956103986
0.0245584126000656,1.00298741157002
1.45468258267446,-0.375405501814467
1.21860568265391,-0.766378859463811
0.865344255745033,1.25415450665435
0.0278427322998506,0.515935074776974
0.682867453224977,-0.708882777456555
0.318045220972856,-0.721289826731805
0.481341596446168,-0.824782774344866
0.656461522838705,-0.44243382899661
-1.16620453775399,0.914625011853608
1.29296268065704,0.0715508830524687
0.607328100129922,-1.00529021075186
0.549392700625713,-0.933420108242787
0.566339790276605,-0.502653409625264
1.54375333293263,1.19817147943676
0.784287245554339,1.28381038053178
0.360347258706087,-0.603422858616929
1.30531172272824,1.04308336349614
0.748159728856704,-0.713270636346582
1.49672187483171,0.56662241023074
-1.0957887233906,1.03052500874192
-0.976502231894412,1.2711007202986
0.109162488066528,0.614737552542076
1.26603125911881,0.904336239283888
1.30793917848806,-0.772733689580403
-0.773137156083722,0.454807661274523
0.225033287074944,0.385055835470983
-0.919617814694135,0.359636515004617
0.432339546525375,-0.58239139704059
0.764187208991654,1.09150111676541
-0.921325660938023,0.347683382166266
0.63714972300397,-0.829775855150759
1.44877080721485,0.44936066403173
1.61495738402397,0.670115357843802
1.47806693893693,-0.675141655647033
0.000779937973622068,1.01282226770284
0.529818155214995,-0.952787209550495
-1.09762794242248,1.05004341552859
-1.196683024568,0.985587281488881
1.55518276548788,0.526677763783594
1.45599631055437,0.443005833915139
-0.849070627542752,1.39184249251384
1.3807197030353,0.376431423169894
-1.16594179217801,0.700830370073994
0.18811753364936,-0.789074681308781
1.4938316734959,0.714145252223043
-1.1187789612891,0.368109621826739
0.022981939144169,0.793278017722504
-0.770772445899877,1.35507526112499
0.595110430846721,-0.645637087248572
1.41106681706131,-0.39840393461737
0.730818520841839,-0.797396482651937
-0.884804025876413,1.34251690637077
-1.07555731403993,0.869233368163669
0.0635761306335121,0.504738469333457
0.656330150050715,1.296368735286
1.54861412608831,0.488246172126112
1.46676887916967,0.874226448969562
1.39372560904645,-0.665306799514213
1.62467897033533,0.744103737058403
0.610481047041715,-0.551827690289365
0.709010638035266,-0.605843746280392
0.392927710127955,-0.992277939560742
-0.82634313522024,1.36839014327404
0.496318094277188,-0.833709797603888
1.25328809868364,-0.767891914253476
1.26287831220701,-0.128474960141197
-1.12915741154042,0.636222930555314
0.142793921792327,0.585535595101548
1.23226845260502,-0.270399499411741
0.351151163546689,0.55935974724035
0.991330759428788,1.07939667844809
1.385317750615,-0.506436046599425
0.723724390290302,-0.989705746418313
1.37835499285145,0.311521372693281
1.24882142389193,-0.783778989544955
1.08539367563063,-0.770766718353838
1.22517432205348,0.685851127656314
0.222011712951142,0.420158706591203
1.2753587270662,0.256294872870522
1.37966872073137,0.351466019140428
0.66618310915007,-0.78695640460325
-0.980837533898127,1.20603936434302
0.333284464379858,-0.782871156671155
1.25959399250723,0.260682731760549
1.09406427963806,1.1194926303742
1.21216841604233,0.938228666572377
-1.273141987179,0.772397861625131
0.435492493437169,-0.532914505418556
-1.16791238399788,0.932176447413718
1.22556844041745,-0.292792710298778
0.0655467224533831,0.955174880216621
0.748553847220678,-0.960352483498818
0.59681827709061,-0.532157978023724
0.315155019637045,0.538328285664011
1.35116082573724,1.02220320739876
1.18313502989623,-0.800271286752299
0.563449588940793,-0.554248577952828
1.27483323591423,1.05367474702379
1.30688819618413,-0.70479752952446
-0.696152702320761,1.25566756144402
0.696398850388092,-0.482227169964791
1.5182670120623,0.911296291316346
1.50880817132692,0.517599435045606
-0.856296130882279,0.316060537062275
-0.939586478468827,0.661339640063747
1.30320975812037,-0.415198842782647
1.3731000813318,0.806895510829486
0.0790781196164971,0.952300076116258
1.20205271136699,0.879824751691321
1.07632895325922,-0.694357451475774
-0.75789791267672,1.39532251853007
0.714659667918896,-0.411718816766419
0.261423549348562,1.0951324482606
0.73278911266171,-1.06581240233844
1.29966269284461,0.306679597366355
0.138064501424636,0.875134281843362
0.17406064533428,1.17638349046559
-1.13966723457973,1.13734667689224
1.41934330270477,0.906151905031487
1.37966872073137,1.21723596978654
-1.29205966864976,0.757116008249519
0.705989063911463,-0.927973110999995
1.14727025877458,1.25264145186469
-1.01394347647196,1.22979432454075
-1.09828480636244,1.30968361743505
0.591431992782962,-0.661675468019018
0.437857203621014,-1.0249599230175
0.249468625641345,0.560570191072081
1.44259628617925,0.383996697118218
1.33066667081058,-0.748676118424735
-0.839611786807371,1.38624418979208
0.139115483728568,0.712783502912345
0.579739814651728,-0.841426377031178
0.500784769068895,-0.88666671524215
1.20034486512311,0.943373052857236
0.761559753231826,1.25279275734366
1.31161761655182,-0.200647673608201
1.52982781740554,0.634558570286682
-1.12298289050482,0.54180831168024
-0.861813787977918,1.35719353783052
0.671569393457716,1.22298557798726
0.55004956456567,-0.566353016270145
0.187723415285386,0.720651387818601
1.56385336949531,0.974390676045361
0.234229382234342,-0.90164595765983
-0.788245026702733,1.40182865412562
0.133335081056946,0.681009352329388
0.444688588596567,1.33207682832208
1.15016046011039,-0.76168838961585
1.26248419384304,0.777390942431025
0.517863231507777,-1.05491840785286
-1.30283223726505,1.04853036073893
1.50066305847145,1.00525699375452
1.25722928232338,1.29379654214357
1.46203945880198,0.408962101147684
0.328686416800159,-0.962470760204349
-0.928157045913576,1.28214602026315
1.09984468230968,1.09119850580747
0.915134542393775,1.34887173648736
1.70166342409829,0.523197737767365
0.797687269929462,1.25249014638572
-0.952855130055959,1.33555685433831
-0.708895862755927,1.39411207469833
0.98594447512114,1.14914850425163
1.53889253977695,0.51442201998731
1.25460182656356,1.22298557798726
-0.912786429718582,1.33525424338038
1.19508995360345,1.02583453889396
-0.745811616181511,1.37746847201202
-0.886511872120302,0.202278816879494
1.20454879433883,0.877706474985791
1.60365932425671,0.79902762592323
-0.777078339723464,1.35325959537739
1.20848997797857,-0.856405619448858
-1.10367109067009,0.761806478097479
1.30688819618413,1.19938192326849
0.465051370735234,-0.851261233163998
1.21952529216985,-0.627177818814664
1.24974103340787,1.28713910106904
0.16841161545065,1.14929980973059
1.37835499285145,-0.286891796619086
1.06095833706423,1.10511860987239
-0.768933226867998,1.39986168289906
0.32408836922046,0.449511969510697
-1.00198855276474,1.25627278335988
1.44167667666331,-0.646393614643405
1.36521771405231,0.867417702416071
1.42551782374037,0.372951397153665
-0.728207662590663,1.38397460760758
1.19903113724319,1.06078610453521
1.50355325980726,0.853497598351157
0.584731980595401,1.24507617791637
-1.19655165178001,0.757418619207452
-1.21849090737457,0.817184283399205
0.380578668056763,-0.549104191667968
1.44719433375895,1.03703114433748
-1.08160046228753,1.04051117035371
1.2355527723048,1.2435631231267
1.37480792757569,-0.718112411673509
0.614684976257439,1.13401795635498
1.41040995312136,-0.658951969397622
0.922491418521293,1.12569615501183
0.657381132354645,-0.883035383746955
0.817261815340181,1.21269680541754
-0.979523806018213,0.278082861841693
0.145552750340147,1.06925921135733
0.502229869736801,-0.804659145642326
1.44207079502728,0.566319799272807
0.5434809251661,1.2720085531724
0.923673773613216,1.10965777424138
0.0390094192791197,0.689785070109443
0.518257349871752,-0.489792443913114
0.614422230681457,-0.687851315880216
-1.19234772256428,0.759385590434016
0.38123553199672,1.17592957402869
0.349968808454767,1.1465763111092
0.248811761701388,0.514119409029377
1.44443550521113,-0.431085918074126
1.2599881108712,0.238289520873512
-1.15254176780289,0.557090165055853
-0.792974447070424,1.38896768841347
1.33198039869049,-0.328803414292796
-0.770246954747912,1.3924477144297
-1.1493888208911,0.983166393825417
1.21453312622618,0.910237152963581
1.13071728748766,-0.793916456635708
1.43550215562771,0.812342508072279
1.15252517029424,-0.165090886051082
-1.09841617915043,0.682371101640085
1.49291206397996,0.800086764275995
-0.929996264945455,0.5717667965156
0.316731493092942,-0.703889696650661
1.22885276011724,0.797665876612531
0.240666648845921,1.05957566070348
1.21138017931438,0.799632847839095
-1.0789730065277,0.54180831168024
-1.00041207930885,0.344505967107971
-1.17461239618544,0.812493813551245
0.538620132010419,-0.492364637055544
1.19758603657529,0.851984543561492
0.80977356642467,1.31497930919887
0.818050052068129,1.1930270931519
0.218858766039348,0.46691209959184
1.28797051471337,-0.40566659760776
1.16658205860932,0.79131104649594
1.59656519370517,0.726703606977259
1.26970969718257,1.22495254921383
1.04296026510941,1.30953231195608
0.358508039674208,0.547860530838899
-0.961131615699417,0.178675162160726
1.12625061269596,-0.514303931505681
0.846163828698289,1.22071599580277
-1.1370397788199,0.676016271523494
0.283231432155135,1.1682129946014
0.228580352350712,1.10330294412479
-1.00632385476846,1.15444419601545
1.25893712856727,-0.731275988343591
1.42840802507618,0.400488994325562
0.697843951055997,1.20301325476369
-1.00776895543636,1.05972696618245
1.51432582842256,0.725341857666562
1.18471150335213,1.3170975859044
1.25919987414325,0.836702690185879
1.05872499966838,1.16533819050104
0.502755360888766,-0.514455236984648
0.211107771547855,1.16700255076967
0.412108137174699,-0.770010190959006
0.375455129325099,-0.56272168477495
0.747502864916747,-0.66500418855628
0.43089444585747,-0.87683185910933
1.26747635978671,-0.110015691707289
1.14582515810667,1.20846025200648
1.61850444929974,0.700679064595028
0.0429506029188617,1.03612331146368
0.813846122852404,1.20861155748545
-1.16830650236186,0.830801776506187
0.114548772374175,1.08212017706948
-0.0832986463408747,0.627144601817326
-0.795207784466278,0.302291738476327
0.324876605948409,1.14551717275643
1.33211177147848,-0.476477561764065
0.24342547739374,-0.569379125849474
0.269437289416038,-0.86911527968204
0.563843707304768,-0.965799480741611
0.443506233504644,-0.561662546422185
0.567128027004552,1.29561220789117
0.935234578956458,-0.634289176326088
-0.994763049425216,1.21663074787067
1.43405705495981,0.765286504113708
0.387541425820307,-0.561662546422185
1.53087879970947,-0.668786825530442
1.19219975226764,1.20028975614229
-1.09959853424235,0.643636899024671
0.291770663374576,-0.716448051404878
0.867052101988922,1.26050933677095
1.34774513324946,0.969246289760502
1.35878044744074,-0.802389563457829
-0.964415935399202,0.432414450387486
0.419596386090209,-0.999389297072166
0.959932663098842,1.29757917911773
-0.818066649576781,1.17260085349143
1.37756675612351,0.939893026841007
1.04335438347338,1.0937706989499
1.28875875144132,-0.748070896508869
0.552151529173533,-0.585114895661987
1.0430916378974,-0.683463456990189
0.755516604984223,-0.751097006088198
0.563580961728785,-0.592831475089276
0.42064736839414,-0.486312417896885
-1.10984561170568,0.618368884037271
1.33749805578613,-0.448334742676303
1.44588060587904,1.10405947151962
-1.04350235377003,1.19741495204193
0.563318216152802,1.30045398321809
-1.17500651454942,0.691298124899107
1.28337246713367,0.789495380748342
1.263009684995,0.845175797008001
0.379264940176849,-0.584358368267154
-1.05125334826152,0.560721496551048
1.27943128349393,0.249032209880132
-0.96980221970685,0.559057136282417
-1.0347003769746,1.31951847356787
-0.818986259092721,1.37837630488582
1.32212743959113,1.18909315069878
0.587359436355229,-0.525954453386099
-0.789427381794656,1.21708466430757
0.762347989959775,1.16579210693794
1.05399557930069,1.18046873839769
0.885444292307718,-0.626269985940865
-1.07516319567595,1.20573675338509
1.35208043525317,0.374767062901263
0.644900717495462,1.21905163553413
-0.762233214680436,1.3915398815559
1.37966872073137,0.443459750352038
0.555304476085326,-0.571497402555005
1.35483926380099,1.00540829923349
-0.978341450926291,1.32829419134792
0.346684488754982,-0.641854450274411
1.3883393247388,1.00601352114935
0.889910967099425,1.29788179007566
0.13648802796874,0.575852044447695
-0.0269397202925635,0.904336239283888
1.42853939786417,0.39458808064587
1.21952529216985,1.01267096222388
0.42813561730965,-0.577398316234697
0.866395238048965,1.31724889138337
1.10037017346165,-0.768194525211409
1.09432702521405,1.00268480061209
1.39096678049863,-0.317304197891345
1.36587457799227,0.420612623028102
1.15909380969381,-0.299298845894335
0.976222888809776,1.19075751096741
1.23200570702903,0.856826318888419
0.338408003111523,1.15701638915788
0.669204683273871,-0.571043486118105
0.0618682843896236,0.547709225359932
0.894903133043098,1.12191351803766
0.147523342160018,0.991639500647539
0.657381132354645,-0.656379776255191
1.39346286347047,1.12554484953286
-0.841582378627242,1.41272264861121
0.246447051517542,-0.897106793290836
0.0467604137706125,0.664365749643076
0.609430064737783,-0.843090737299808
0.620859497293036,-0.958385512272254
-0.855902012518305,0.325895393195095
0.422223841850037,-0.860339561901986
1.10142115576558,-0.726888129453564
1.23476453557685,-0.572405235428804
0.289143207614748,1.1176769646266
1.21216841604233,0.145690567746036
1.32330979468306,-0.332888662224891
0.549392700625713,-0.972608227295102
0.929454176284837,1.26368675182924
0.425639534337814,-0.419435396193708
1.25473319935155,-0.494028997324175
1.44706296097096,0.999204774595862
